Workbook

Sheet Test Smartphone
B1: Area | C1: Sotto-Area | D1: Test Case | E1: Passi | F1: Risultato Atteso | G1: Prio | H1: Stato | I1: Note/Bug | J1: Tester | K1: Data | L1: Device | M1: OS
A2: T-001 | B2: AUTH | C2: Login | D2: Login email/password | E2: App > Login > Credenziali > Accedi | F2: Redirect /dashboard, sessione attiva | G2: P0
A3: T-002 | B3: AUTH | C3: Login | D3: Login credenziali errate | E3: Email/password sbagliati > Accedi | F3: Errore visibile, no redirect | G3: P0
A4: T-003 | B4: AUTH | C4: Login | D4: Login OAuth Google | E4: Accedi con Google > OAuth | F4: Redirect /dashboard account Google | G4: P0
A5: T-004 | B5: AUTH | C5: Login | D5: Redirect post-login (from) | E5: Accedi /library senza login > Login | F5: Redirect /library (from preservato) | G5: P1
A6: T-005 | B6: AUTH | C6: Login | D6: Sessione scaduta | E6: Sessione scade > Naviga | F6: Redirect /login?reason=session_expired | G6: P1
A7: T-006 | B7: AUTH | C7: Registrazione | D7: Registrazione utente | E7: Registrati > Form > Invia | F7: Redirect /verification-pending | G7: P0
A8: T-007 | B8: AUTH | C8: Registrazione | D8: Validazione form | E8: Campi vuoti/email invalida > Invia | F8: Messaggi validazione inline | G8: P1
A9: T-008 | B9: AUTH | C9: Email | D9: Verifica email da link | E9: Apri link verifica su phone | F9: Pagina /verification-success | G9: P0
A10: T-009 | B10: AUTH | C10: Email | D10: Verifica pending | E10: Dopo registrazione | F10: Istruzioni, link re-invio | G10: P1
A11: T-010 | B11: AUTH | C11: Password | D11: Reset password | E11: Password dimenticata > Email | F11: Email ricevuta, link ok | G11: P1
A12: T-011 | B12: AUTH | C12: Password | D12: Cambio da reset link | E12: Link reset > Nuova pwd > Conferma | F12: Password aggiornata, redirect login | G12: P1
A13: T-012 | B13: AUTH | C13: Logout | D13: Logout | E13: Menu > Logout | F13: Sessione invalidata, redirect landing | G13: P0
... A274: T-273 | B274: MISC | C274: Demo | D274: Demo toolkit | E274: /toolkit-demo | F274: Funzionante | G274: P2

Sheet Riepilogo
A1: Metrica | B1: Valore | D1: Area | E1: Tot | F1: Pass | G1: Fail
A2: Test Totali | B2: =COUNTA('Test Smartphone'!A2:A274) -> 273 | D2: AUTH | E2: =COUNTIF('Test Smartphone'!B2:B274,D2) -> 14 | F2: =COUNTIFS('Test Smartphone'!B2:B274,D2,'Test Smartphone'!H2:H274,"PASS") -> 0 | G2: =COUNTIFS('Test Smartphone'!B2:B274,D2,'Test Smartphone'!H2:H274,"FAIL") -> 0
A3: P0 Critici | B3: =COUNTIF('Test Smartphone'!G2:G274,"P0") -> 47 | D3: NAV | E3: =COUNTIF('Test Smartphone'!B2:B274,D3) -> 18 | F3: =COUNTIFS('Test Smartphone'!B2:B274,D3,'Test Smartphone'!H2:H274,"PASS") -> 0 | G3: =COUNTIFS('Test Smartphone'!B2:B274,D3,'Test Smartphone'!H2:H274,"FAIL") -> 0
A4: P1 Importanti | B4: =COUNTIF('Test Smartphone'!G2:G274,"P1") -> 164 | D4: DASH | E4: =COUNTIF('Test Smartphone'!B2:B274,D4) -> 9 | F4: =COUNTIFS('Test Smartphone'!B2:B274,D4,'Test Smartphone'!H2:H274,"PASS") -> 0 | G4: =COUNTIFS('Test Smartphone'!B2:B274,D4,'Test Smartphone'!H2:H274,"FAIL") -> 0
A5: P2 Raccomandati | B5: =COUNTIF('Test Smartphone'!G2:G274,"P2") -> 62 | D5: LIB | E5: =COUNTIF('Test Smartphone'!B2:B274,D5) -> 21 | F5: =COUNTIFS('Test Smartphone'!B2:B274,D5,'Test Smartphone'!H2:H274,"PASS") -> 0 | G5: =COUNTIFS('Test Smartphone'!B2:B274,D5,'Test Smartphone'!H2:H274,"FAIL") -> 0
D6: PRIV | E6: =COUNTIF('Test Smartphone'!B2:B274,D6) -> 10 | F6: =COUNTIFS('Test Smartphone'!B2:B274,D6,'Test Smartphone'!H2:H274,"PASS") -> 0 | G6: =COUNTIFS('Test Smartphone'!B2:B274,D6,'Test Smartphone'!H2:H274,"FAIL") -> 0
A7: PASS | B7: =COUNTIF('Test Smartphone'!H2:H274,"PASS") -> 0 | D7: DISC | E7: =COUNTIF('Test Smartphone'!B2:B274,D7) -> 23 | F7: =COUNTIFS('Test Smartphone'!B2:B274,D7,'Test Smartphone'!H2:H274,"PASS") -> 0 | G7: =COUNTIFS('Test Smartphone'!B2:B274,D7,'Test Smartphone'!H2:H274,"FAIL") -> 0
A8: FAIL | B8: =COUNTIF('Test Smartphone'!H2:H274,"FAIL") -> 0 | D8: CHAT | E8: =COUNTIF('Test Smartphone'!B2:B274,D8) -> 22 | F8: =COUNTIFS('Test Smartphone'!B2:B274,D8,'Test Smartphone'!H2:H274,"PASS") -> 0 | G8: =COUNTIFS('Test Smartphone'!B2:B274,D8,'Test Smartphone'!H2:H274,"FAIL") -> 0
A9: SKIP | B9: =COUNTIF('Test Smartphone'!H2:H274,"SKIP") -> 0 | D9: VOICE | E9: =COUNTIF('Test Smartphone'!B2:B274,D9) -> 8 | F9: =COUNTIFS('Test Smartphone'!B2:B274,D9,'Test Smartphone'!H2:H274,"PASS") -> 0 | G9: =COUNTIFS('Test Smartphone'!B2:B274,D9,'Test Smartphone'!H2:H274,"FAIL") -> 0
A10: BLOCKED | B10: =COUNTIF('Test Smartphone'!H2:H274,"BLOCKED") -> 0 | D10: AGENT | E10: =COUNTIF('Test Smartphone'!B2:B274,D10) -> 9 | F10: =COUNTIFS('Test Smartphone'!B2:B274,D10,'Test Smartphone'!H2:H274,"PASS") -> 0 | G10: =COUNTIFS('Test Smartphone'!B2:B274,D10,'Test Smartphone'!H2:H274,"FAIL") -> 0
A11: TODO / Vuoti | B11: =COUNTIF('Test Smartphone'!H2:H274,"TODO")+COUNTBLANK('Test Smartphone'!H2:H274) -> 273 | D11: SESS | E11: =COUNTIF('Test Smartphone'!B2:B274,D11) -> 13 | F11: =COUNTIFS('Test Smartphone'!B2:B274,D11,'Test Smartphone'!H2:H274,"PASS") -> 0 | G11: =COUNTIFS('Test Smartphone'!B2:B274,D11,'Test Smartphone'!H2:H274,"FAIL") -> 0
D12: TOOL | E12: =COUNTIF('Test Smartphone'!B2:B274,D12) -> 14 | F12: =COUNTIFS('Test Smartphone'!B2:B274,D12,'Test Smartphone'!H2:H274,"PASS") -> 0 | G12: =COUNTIFS('Test Smartphone'!B2:B274,D12,'Test Smartphone'!H2:H274,"FAIL") -> 0
A13: % Completamento | B13: =IF(B2=0,0,(B6+B7+B8+B9)/B2) -> 0 | D13: GN | E13: =COUNTIF('Test Smartphone'!B2:B274,D13) -> 4 | F13: =COUNTIFS('Test Smartphone'!B2:B274,D13,'Test Smartphone'!H2:H274,"PASS") -> 0 | G13: =COUNTIFS('Test Smartphone'!B2:B274,D13,'Test Smartphone'!H2:H274,"FAIL") -> 0
A14: % Pass Rate | B14: =IF((B6+B7)=0,0,B6/(B6+B7)) -> 0 | D14: PLAY | E14: =COUNTIF('Test Smartphone'!B2:B274,D14) -> 6 | F14: =COUNTIFS('Test Smartphone'!B2:B274,D14,'Test Smartphone'!H2:H274,"PASS") -> 0 | G14: =COUNTIFS('Test Smartphone'!B2:B274,D14,'Test Smartphone'!H2:H274,"FAIL") -> 0
D15: PLAYER | E15: =COUNTIF('Test Smartphone'!B2:B274,D15) -> 6 | F15: =COUNTIFS('Test Smartphone'!B2:B274,D15,'Test Smartphone'!H2:H274,"PASS") -> 0 | G15: =COUNTIFS('Test Smartphone'!B2:B274,D15,'Test Smartphone'!H2:H274,"FAIL") -> 0
D16: PLIST | E16: =COUNTIF('Test Smartphone'!B2:B274,D16) -> 7 | F16: =COUNTIFS('Test Smartphone'!B2:B274,D16,'Test Smartphone'!H2:H274,"PASS") -> 0 | G16: =COUNTIFS('Test Smartphone'!B2:B274,D16,'Test Smartphone'!H2:H274,"FAIL") -> 0
D17: NOTIF | E17: =COUNTIF('Test Smartphone'!B2:B274,D17) -> 13 | F17: =COUNTIFS('Test Smartphone'!B2:B274,D17,'Test Smartphone'!H2:H274,"PASS") -> 0 | G17: =COUNTIFS('Test Smartphone'!B2:B274,D17,'Test Smartphone'!H2:H274,"FAIL") -> 0
D18: PROF | E18: =COUNTIF('Test Smartphone'!B2:B274,D18) -> 7 | F18: =COUNTIFS('Test Smartphone'!B2:B274,D18,'Test Smartphone'!H2:H274,"PASS") -> 0 | G18: =COUNTIFS('Test Smartphone'!B2:B274,D18,'Test Smartphone'!H2:H274,"FAIL") -> 0
D19: GAMIF | E19: =COUNTIF('Test Smartphone'!B2:B274,D19) -> 3 | F19: =COUNTIFS('Test Smartphone'!B2:B274,D19,'Test Smartphone'!H2:H274,"PASS") -> 0 | G19: =COUNTIFS('Test Smartphone'!B2:B274,D19,'Test Smartphone'!H2:H274,"FAIL") -> 0
D20: TIER | E20: =COUNTIF('Test Smartphone'!B2:B274,D20) -> 3 | F20: =COUNTIFS('Test Smartphone'!B2:B274,D20,'Test Smartphone'!H2:H274,"PASS") -> 0 | G20: =COUNTIFS('Test Smartphone'!B2:B274,D20,'Test Smartphone'!H2:H274,"FAIL") -> 0
D21: PDF | E21: =COUNTIF('Test Smartphone'!B2:B274,D21) -> 8 | F21: =COUNTIFS('Test Smartphone'!B2:B274,D21,'Test Smartphone'!H2:H274,"PASS") -> 0 | G21: =COUNTIFS('Test Smartphone'!B2:B274,D21,'Test Smartphone'!H2:H274,"FAIL") -> 0
D22: KB | E22: =COUNTIF('Test Smartphone'!B2:B274,D22) -> 7 | F22: =COUNTIFS('Test Smartphone'!B2:B274,D22,'Test Smartphone'!H2:H274,"PASS") -> 0 | G22: =COUNTIFS('Test Smartphone'!B2:B274,D22,'Test Smartphone'!H2:H274,"FAIL") -> 0
D23: EDITOR | E23: =COUNTIF('Test Smartphone'!B2:B274,D23) -> 6 | F23: =COUNTIFS('Test Smartphone'!B2:B274,D23,'Test Smartphone'!H2:H274,"PASS") -> 0 | G23: =COUNTIFS('Test Smartphone'!B2:B274,D23,'Test Smartphone'!H2:H274,"FAIL") -> 0
D24: PWA | E24: =COUNTIF('Test Smartphone'!B2:B274,D24) -> 4 | F24: =COUNTIFS('Test Smartphone'!B2:B274,D24,'Test Smartphone'!H2:H274,"PASS") -> 0 | G24: =COUNTIFS('Test Smartphone'!B2:B274,D24,'Test Smartphone'!H2:H274,"FAIL") -> 0
D25: PUB | E25: =COUNTIF('Test Smartphone'!B2:B274,D25) -> 18 | F25: =COUNTIFS('Test Smartphone'!B2:B274,D25,'Test Smartphone'!H2:H274,"PASS") -> 0 | G25: =COUNTIFS('Test Smartphone'!B2:B274,D25,'Test Smartphone'!H2:H274,"FAIL") -> 0
D26: PERF | E26: =COUNTIF('Test Smartphone'!B2:B274,D26) -> 6 | F26: =COUNTIFS('Test Smartphone'!B2:B274,D26,'Test Smartphone'!H2:H274,"PASS") -> 0 | G26: =COUNTIFS('Test Smartphone'!B2:B274,D26,'Test Smartphone'!H2:H274,"FAIL") -> 0
D27: A11Y | E27: =COUNTIF('Test Smartphone'!B2:B274,D27) -> 6 | F27: =COUNTIFS('Test Smartphone'!B2:B274,D27,'Test Smartphone'!H2:H274,"PASS") -> 0 | G27: =COUNTIFS('Test Smartphone'!B2:B274,D27,'Test Smartphone'!H2:H274,"FAIL") -> 0
D28: RESP | E28: =COUNTIF('Test Smartphone'!B2:B274,D28) -> 5 | F28: =COUNTIFS('Test Smartphone'!B2:B274,D28,'Test Smartphone'!H2:H274,"PASS") -> 0 | G28: =COUNTIFS('Test Smartphone'!B2:B274,D28,'Test Smartphone'!H2:H274,"FAIL") -> 0
D29: MISC | E29: =COUNTIF('Test Smartphone'!B2:B274,D29) -> 3 | F29: =COUNTIFS('Test Smartphone'!B2:B274,D29,'Test Smartphone'!H2:H274,"PASS") -> 0 | G29: =COUNTIFS('Test Smartphone'!B2:B274,D29,'Test Smartphone'!H2:H274,"FAIL") -> 0

Sheet Legenda
A1: Codice | B1: Significato
A2: AUTH | B2: Autenticazione: login, registrazione, OAuth, password
A3: NAV | B3: Navigazione mobile: TabBar, FAB, TopNavbar, layout
A4: DASH | B4: Dashboard / Gaming Hub
A5: LIB | B5: Libreria: collection, wishlist, stati, condivisione
A6: PRIV | B6: Giochi privati: CRUD, wizard, toolkit
A7: DISC | B7: Discover / Catalogo: ricerca, filtri, dettaglio
A8: CHAT | B8: Chat AI: thread, streaming SSE, export
A9: VOICE | B9: Voice input / TTS
A10: AGENT | B10: Agenti AI: lista, config, slot
A11: SESS | B11: Sessioni / Live Play
A12: TOOL | B12: Toolkit: dadi, carte, timer, moneta, ruota, note
... A41: TODO | B41: Non ancora eseguito
